ruc,razon_social,segmento,primera_fecha,ultima_fecha,meses_activo,estado,activo_M_Apr2026,patrimonio_M_Apr2026,cartera_M_Apr2026,depositos_M_Apr2026,capitalizacion_pct,morosidad_pct,cobertura_pct,roa_pct,roe_pct,nim_pct,liquidez_ampliada_pct,eficiencia_op_pct,apalancamiento,intermediacion,sc_C,sc_A,sc_M,sc_E,sc_L,camel,rating_camel
1390013678001,COOPERATIVA DE AHORRO Y CREDITO 15 DE ABRIL LTDA,SEGMENTO 1,2015-02-28,2026-04-30,135,ACTIVA,135.04,14.3,80.75,115.65,10.59,12.04,99.71,0.06,0.61,1.52,30.93,1.69,8.44,69.82,3.0,4.5,1.0,3.0,1.0,2.675,ADECUADO
1790093204001,COOPERATIVA DE AHORRO Y CREDITO 23 DE JULIO LIMITADA,SEGMENTO 1,2015-02-28,2026-04-30,135,ACTIVA,450.03,49.76,268.67,381.55,11.06,9.46,114.56,0.11,1.03,1.82,35.33,1.39,8.03,70.41,3.0,3.5,1.0,3.0,1.0,2.425,BUENO
1790567699001,COOPERATIVA DE AHORRO Y CREDITO 29 DE OCTUBRE LTDA,SEGMENTO 1,2015-02-28,2026-04-30,135,ACTIVA,1121.07,98.48,761.38,994.38,8.78,11.52,101.24,0.02,0.22,1.71,24.86,0.74,10.38,76.57,4.0,4.0,1.0,3.0,2.0,2.95,ADECUADO
0590041920001,COOPERATIVA DE AHORRO Y CREDITO 9 DE OCTUBRE LTDA,SEGMENTO 1,2015-02-28,2026-04-30,135,ACTIVA,128.43,15.62,76.05,101.39,12.17,12.85,100.74,0.13,1.09,1.94,40.59,1.32,7.21,75.01,2.0,4.0,1.0,3.0,1.0,2.3,BUENO
0190087603001,COOPERATIVA DE AHORRO Y CREDITO ALFONSO JARAMILLO LEON CAJA,SEGMENTO 1,2015-02-28,2026-04-30,135,ACTIVA,178.58,15.76,117.57,151.89,8.82,9.81,84.87,0.06,0.66,1.45,27.73,1.37,10.33,77.41,4.0,4.0,1.0,3.0,1.0,2.8,ADECUADO
1790501469001,COOPERATIVA DE AHORRO Y CREDITO ALIANZA DEL VALLE LIMITADA,SEGMENTO 1,2015-02-28,2026-04-30,135,ACTIVA,1585.66,151.92,968.76,1363.53,9.58,8.07,102.75,0.0,0.01,0.32,31.98,0.78,9.44,71.05,3.0,3.5,1.0,3.0,1.0,2.425,BUENO
1891709591001,COOPERATIVA DE AHORRO Y CREDITO AMBATO LTDA,SEGMENTO 1,2015-02-28,2026-04-30,135,ACTIVA,489.55,47.6,252.92,421.05,9.72,8.95,121.22,0.07,0.74,1.13,47.27,0.96,9.28,60.07,3.0,3.5,1.0,3.0,1.0,2.425,BUENO
1790325083001,COOPERATIVA DE AHORRO Y CREDITO ANDALUCIA LIMITADA,SEGMENTO 1,2015-02-28,2026-04-30,135,ACTIVA,750.27,70.71,388.89,626.46,9.42,8.4,107.84,0.03,0.27,1.13,31.91,0.79,9.61,62.08,3.0,3.5,1.0,3.0,1.0,2.425,BUENO
1090033456001,COOPERATIVA DE AHORRO Y CREDITO ATUNTAQUI LIMITADA,SEGMENTO 1,2015-02-28,2026-04-30,135,ACTIVA,526.88,41.8,342.36,441.77,7.93,7.5,104.64,0.14,1.75,1.65,31.86,0.95,11.59,77.5,4.0,3.5,1.0,3.0,1.0,2.675,ADECUADO
1390001920001,COOPERATIVA DE AHORRO Y CREDITO CALCETA LTDA,SEGMENTO 1,2015-02-28,2026-04-30,135,ACTIVA,118.04,17.12,83.88,97.26,14.5,13.68,47.0,0.26,1.77,2.0,19.19,1.66,5.88,86.24,2.0,5.0,1.0,3.0,3.0,2.85,ADECUADO
1890080967001,COOPERATIVA DE AHORRO Y CREDITO CAMARA DE COMERCIO DE AMBATO LTDA EN LIQUIDACION,SEGMENTO 1,2015-02-28,2024-10-31,117,EN LIQUIDACION,,,,,,,,,,,,,,,,,,,,,
1891710328001,COOPERATIVA DE AHORRO Y CREDITO CHIBULEO LIMITADA,SEGMENTO 1,2015-02-28,2026-04-30,135,ACTIVA,487.1,40.13,312.54,433.59,8.24,12.94,97.77,0.0,0.01,1.7,30.43,1.35,11.14,72.08,4.0,4.5,1.0,3.0,1.0,2.925,ADECUADO
1390007791001,COOPERATIVA DE AHORRO Y CREDITO CHONE LTDA,SEGMENTO 1,2015-02-28,2026-04-30,135,ACTIVA,174.41,31.82,112.0,132.54,18.25,9.05,104.31,0.24,1.31,1.94,36.1,1.44,4.47,84.5,1.0,3.5,1.0,3.0,1.0,1.925,BUENO
1390089410001,COOPERATIVA DE AHORRO Y CREDITO COMERCIO LTDA,SEGMENTO 1,2015-02-28,2026-04-30,135,ACTIVA,192.81,23.43,118.08,156.16,12.15,5.77,109.24,0.0,0.0,1.41,35.34,1.61,7.23,75.62,2.0,3.0,1.0,3.0,1.0,2.05,BUENO
1790451801001,COOPERATIVA DE AHORRO Y CREDITO COOPROGRESO LIMITADA,SEGMENTO 1,2015-02-28,2026-04-30,135,ACTIVA,794.68,91.47,422.41,680.64,11.51,13.22,48.92,-0.28,-2.43,0.67,23.09,0.96,7.71,62.06,3.0,5.0,1.0,4.0,2.0,3.1,ADECUADO
0190158977001,COOPERATIVA DE AHORRO Y CREDITO CREA LIMITADA EN LIQUIDACION,SEGMENTO 1,2015-02-28,2025-07-31,126,EN LIQUIDACION,,,,,,,,,,,,,,,,,,,,,
0390027923001,COOPERATIVA DE AHORRO Y CREDITO DE LA PEQUEÃA EMPRESA BIBLIAN LIMITADA,SEGMENTO 1,2015-02-28,2026-04-30,135,ACTIVA,585.31,85.54,367.61,486.56,14.61,10.57,125.57,0.3,2.08,2.06,32.87,1.07,5.82,75.55,2.0,4.0,1.0,3.0,1.0,2.3,BUENO
1190075539001,COOPERATIVA DE AHORRO Y CREDITO DE LA PEQUEÃA EMPRESA CACPE LOJA LTDA,SEGMENTO 1,2015-02-28,2026-04-30,135,ACTIVA,131.2,20.95,87.39,106.21,15.97,5.43,134.29,0.64,3.98,2.15,29.25,1.39,5.22,82.28,1.0,3.0,1.0,3.0,1.0,1.8,BUENO
0590052000001,COOPERATIVA DE AHORRO Y CREDITO DE LA PEQUEÃA EMPRESA DE COTOPAXI LIMITADA,SEGMENTO 1,2015-02-28,2026-04-30,135,ACTIVA,640.48,132.72,274.73,485.16,20.72,13.46,151.28,0.51,2.47,1.74,66.19,0.82,3.8,56.63,1.0,3.5,1.0,3.0,1.0,1.925,BUENO
1690012606001,COOPERATIVA DE AHORRO Y CREDITO DE LA PEQUEÃA EMPRESA DE PASTAZA LIMITADA,SEGMENTO 1,2015-02-28,2026-04-30,135,ACTIVA,355.29,59.55,246.23,282.0,16.76,4.95,130.06,0.55,3.26,2.13,29.07,1.24,4.93,87.32,1.0,3.0,1.0,3.0,1.0,1.8,BUENO
1490005710001,COOPERATIVA DE AHORRO Y CREDITO DE LA PEQUEÃA EMPRESA GUALAQUIZA,SEGMENTO 1,2015-02-28,2026-04-30,135,ACTIVA,161.76,18.55,109.36,138.83,11.47,3.35,155.67,0.46,4.0,1.73,28.53,1.22,7.68,78.77,3.0,2.0,1.0,3.0,1.0,2.05,BUENO
1790979016001,COOPERATIVA DE AHORRO Y CREDITO DE LOS SERVIDORES PUBLICOS DEL MINISTERIO DE EDUCACION Y CULTURA,SEGMENTO 1,2015-02-28,2026-04-30,135,ACTIVA,328.07,76.32,235.89,244.33,23.26,1.2,339.43,0.37,1.59,1.7,27.48,1.05,3.28,96.55,1.0,1.0,1.0,3.0,1.0,1.3,EXCELENTE
1890037646001,COOPERATIVA DE AHORRO Y CREDITO EL SAGRARIO LTDA,SEGMENTO 1,2015-02-28,2026-04-30,135,ACTIVA,382.16,53.17,151.05,321.09,13.91,10.7,109.67,0.03,0.22,1.16,61.87,0.87,6.18,47.04,2.0,4.0,1.0,3.0,1.0,2.3,BUENO
0190024733001,COOPERATIVA DE AHORRO Y CREDITO ERCO LIMITADA,SEGMENTO 1,2015-02-28,2026-04-30,135,ACTIVA,280.45,41.11,149.17,206.48,14.66,8.04,138.74,0.17,1.17,1.69,54.16,1.41,5.81,72.24,2.0,3.5,1.0,3.0,1.0,2.175,BUENO
0691706710001,COOPERATIVA DE AHORRO Y CREDITO FERNANDO DAQUILEMA LIMITADA,SEGMENTO 1,2015-02-28,2026-04-30,135,ACTIVA,805.65,72.04,499.21,688.92,8.94,6.9,117.79,0.16,1.81,1.55,32.85,1.1,10.17,72.46,4.0,3.5,1.0,3.0,1.0,2.675,ADECUADO
1890142679001,COOPERATIVA DE AHORRO Y CREDITO INDIGENA SAC LTDA,SEGMENTO 1,2015-02-28,2026-04-30,135,ACTIVA,194.49,16.73,133.38,173.08,8.6,9.28,114.45,0.05,0.56,1.74,23.16,1.39,10.62,77.06,4.0,3.5,1.0,3.0,2.0,2.825,ADECUADO
0190155722001,COOPERATIVA DE AHORRO Y CREDITO JARDIN AZUAYO LIMITADA,SEGMENTO 1,2015-02-28,2026-04-30,135,ACTIVA,2416.42,240.36,1154.51,2063.09,9.95,6.65,210.79,0.15,1.5,1.47,51.91,0.99,9.04,55.96,3.0,2.5,1.0,3.0,1.0,2.175,BUENO
0190115798001,COOPERATIVA DE AHORRO Y CREDITO JUVENTUD ECUATORIANA PROGRESISTA LIMITADA,SEGMENTO 1,2015-02-28,2026-04-30,135,ACTIVA,3723.11,405.82,2083.0,3222.39,10.9,7.17,110.84,0.3,2.8,1.33,39.44,1.0,8.15,64.64,3.0,3.5,1.0,3.0,1.0,2.425,BUENO
1891710255001,COOPERATIVA DE AHORRO Y CREDITO KULLKI WASI LTDA,SEGMENTO 1,2015-02-28,2026-04-30,135,ACTIVA,355.02,34.61,249.05,311.27,9.75,10.45,67.73,0.04,0.41,1.57,24.1,1.27,9.25,80.01,3.0,5.0,1.0,3.0,2.0,2.95,ADECUADO
0190021769001,COOPERATIVA DE AHORRO Y CREDITO LA MERCED LIMITADA,SEGMENTO 1,2015-02-28,2026-04-30,135,ACTIVA,162.17,14.79,105.88,143.62,9.12,5.56,90.86,0.02,0.24,1.81,27.91,1.51,9.96,73.72,3.0,3.5,1.0,3.0,1.0,2.425,BUENO
0690075113001,COOPERATIVA DE AHORRO Y CREDITO LUCHA CAMPESINA,SEGMENTO 1,2015-02-28,2026-04-30,135,ACTIVA,116.29,13.31,77.8,97.71,11.45,3.32,118.53,0.15,1.32,2.35,29.68,2.03,7.72,79.63,3.0,2.5,1.0,3.0,1.0,2.175,BUENO
1890141877001,COOPERATIVA DE AHORRO Y CREDITO MUSHUC RUNA LTDA,SEGMENTO 1,2015-02-28,2026-04-30,135,ACTIVA,701.62,84.06,415.84,593.9,11.98,10.22,117.49,0.24,2.02,1.79,36.94,1.1,7.33,70.02,3.0,4.0,1.0,3.0,1.0,2.55,ADECUADO
0790015002001,COOPERATIVA DE AHORRO Y CREDITO ONCE DE JUNIO LTDA,SEGMENTO 1,2015-02-28,2026-04-30,135,ACTIVA,155.52,21.78,97.38,131.16,14.0,13.24,112.8,-0.21,-1.47,2.06,31.34,1.58,6.16,74.24,2.0,4.0,1.0,4.0,1.0,2.45,BUENO
1890001323001,COOPERATIVA DE AHORRO Y CREDITO OSCUS LIMITADA,SEGMENTO 1,2015-02-28,2026-04-30,135,ACTIVA,675.5,91.35,383.86,557.56,13.52,11.84,112.68,0.08,0.56,1.66,36.45,1.15,6.39,68.85,2.0,4.0,1.0,3.0,1.0,2.3,BUENO
0490001883001,COOPERATIVA DE AHORRO Y CREDITO PABLO MUÃOZ VEGA LIMITADA,SEGMENTO 1,2015-02-28,2026-04-30,135,ACTIVA,357.35,29.1,231.28,316.19,8.14,9.35,23.59,0.0,0.02,1.11,27.96,1.11,11.28,73.15,4.0,4.5,1.0,3.0,1.0,2.925,ADECUADO
1190015110001,COOPERATIVA DE AHORRO Y CREDITO PADRE JULIAN LORENTE LTDA,SEGMENTO 1,2015-02-28,2026-04-30,135,ACTIVA,179.21,18.35,122.66,151.36,10.24,5.85,86.66,0.08,0.81,2.17,23.69,1.82,8.76,81.04,3.0,3.5,1.0,3.0,2.0,2.575,ADECUADO
1091720902001,COOPERATIVA DE AHORRO Y CREDITO PILAHUIN TIO LIMITADA,SEGMENTO 1,2015-02-28,2026-04-30,135,ACTIVA,353.95,32.39,218.2,312.24,9.15,2.47,103.88,0.09,0.95,1.24,16.46,1.44,9.92,69.88,3.0,2.5,1.0,3.0,3.0,2.475,BUENO
1790866084001,COOPERATIVA DE AHORRO Y CREDITO POLICIA NACIONAL LIMITADA,SEGMENTO 1,2015-02-28,2026-04-30,135,ACTIVA,1437.13,154.96,1018.78,1249.73,10.78,16.73,37.45,-0.03,-0.32,1.12,11.37,0.97,8.28,81.52,3.0,5.0,1.0,4.0,4.0,3.4,ADECUADO
0690045389001,COOPERATIVA DE AHORRO Y CREDITO RIOBAMBA LTDA,SEGMENTO 1,2015-02-28,2026-04-30,135,ACTIVA,633.5,101.85,358.87,510.24,16.08,4.65,136.42,0.21,1.3,1.3,45.2,1.07,5.21,70.33,1.0,3.0,1.0,3.0,1.0,1.8,BUENO
1890003628001,COOPERATIVA DE AHORRO Y CREDITO SAN FRANCISCO LTDA,SEGMENTO 1,2015-02-28,2026-04-30,135,ACTIVA,796.12,113.37,385.17,652.4,14.24,6.24,309.79,0.34,2.41,1.59,51.65,1.05,6.0,59.04,2.0,2.5,1.0,3.0,1.0,1.925,BUENO
0290003288001,COOPERATIVA DE AHORRO Y CREDITO SAN JOSE LIMITADA,SEGMENTO 1,2015-02-28,2026-04-30,135,ACTIVA,303.02,38.22,183.06,249.48,12.61,10.73,137.2,0.15,1.19,1.74,39.43,0.87,6.92,73.38,2.0,4.0,1.0,3.0,1.0,2.3,BUENO
0790024656001,COOPERATIVA DE AHORRO Y CREDITO SANTA ROSA LIMITADA,SEGMENTO 1,2015-02-28,2026-04-30,135,ACTIVA,180.25,33.05,100.94,145.25,18.34,13.39,96.12,0.03,0.16,1.13,18.21,1.17,4.45,69.49,1.0,4.5,1.0,3.0,3.0,2.475,BUENO
0490002669001,COOPERATIVA DE AHORRO Y CREDITO TULCAN LIMITADA,SEGMENTO 1,2015-02-28,2026-04-30,135,ACTIVA,428.93,54.45,273.78,351.46,12.69,7.07,138.3,0.17,1.32,1.86,34.48,1.26,6.86,77.9,2.0,3.5,1.0,3.0,1.0,2.175,BUENO
1190068389001,COOPERATIVA DE AHORRO Y CREDITO VICENTINA MANUEL ESTEBAN GODOY ORTEGA LIMITADA,SEGMENTO 1,2015-02-28,2026-04-30,135,ACTIVA,490.33,80.51,205.71,396.0,16.42,9.56,169.97,0.13,0.77,1.17,62.05,1.1,5.08,51.95,1.0,3.0,1.0,3.0,1.0,1.8,BUENO
0591711164001,COOPERATIVA DE AHORRO Y CREDITO VIRGEN DEL CISNE,SEGMENTO 1,2015-02-28,2026-04-30,135,ACTIVA,151.13,21.51,93.34,123.98,14.24,5.38,132.5,0.47,3.28,2.21,36.58,1.58,5.99,75.29,2.0,3.0,1.0,3.0,1.0,2.05,BUENO
1890012015001,ASOCIACION MUTUALISTA DE AHORRO Y CREDITO PARA LA VIVIENDA AMBATO,SEGMENTO 1 MUTUALISTA,2017-05-31,2026-04-30,108,ACTIVA,93.15,7.1,50.48,71.65,7.62,5.18,62.11,0.02,0.28,0.94,19.43,1.24,12.12,70.46,4.0,4.0,1.0,3.0,3.0,3.1,ADECUADO
0190006247001,ASOCIACION MUTUALISTA DE AHORRO Y CREDITO PARA LA VIVIENDA AZUAY,SEGMENTO 1 MUTUALISTA,2017-05-31,2026-04-30,108,ACTIVA,322.57,34.95,120.55,267.42,10.83,4.09,193.2,0.42,3.91,1.1,59.71,0.82,8.19,45.08,3.0,2.5,1.0,3.0,1.0,2.175,BUENO
1090056286001,ASOCIACION MUTUALISTA DE AHORRO Y CREDITO PARA LA VIVIENDA IMBABURA,SEGMENTO 1 MUTUALISTA,2017-05-31,2026-04-30,108,ACTIVA,69.43,4.99,43.8,62.75,7.18,12.72,77.98,0.01,0.09,0.76,26.5,1.58,12.93,69.8,4.0,4.5,1.0,3.0,1.0,2.925,ADECUADO
1790075494001,ASOCIACION MUTUALISTA DE AHORRO Y CREDITO PARA LA VIVIENDA PICHINCHA,SEGMENTO 1 MUTUALISTA,2017-05-31,2026-04-30,108,ACTIVA,974.91,52.19,345.4,860.54,5.35,8.23,89.94,0.06,1.03,1.13,48.31,1.1,17.67,40.14,5.0,4.0,1.0,3.0,1.0,3.05,ADECUADO
1790499871001,COOPERATIVA DE AHORRO Y CREDITO 16 DE JULIO LTDA,SEGMENTO 2,2015-02-28,2026-04-30,135,ACTIVA,35.84,4.05,24.0,27.21,11.29,6.18,132.62,0.53,4.72,2.07,29.03,1.61,7.81,88.21,3.0,3.5,1.0,3.0,1.0,2.425,BUENO
0691702324001,COOPERATIVA DE AHORRO Y CREDITO 4 DE OCTUBRE,SEGMENTO 2,2015-02-28,2026-04-30,135,ACTIVA,82.86,13.72,65.23,62.1,16.56,7.14,143.93,0.79,4.78,2.56,24.44,1.26,4.99,105.04,1.0,3.5,1.0,2.0,2.0,1.925,BUENO
1091732935001,COOPERATIVA DE AHORRO Y CREDITO ACCION IMBABURAPAK LTDA,SEGMENTO 2,2015-05-31,2026-04-30,132,ACTIVA,127.27,11.2,87.53,109.47,8.8,5.6,96.24,0.39,4.4,1.23,30.14,1.13,10.32,79.96,4.0,3.5,1.0,3.0,1.0,2.675,ADECUADO
0691702405001,COOPERATIVA DE AHORRO Y CREDITO ACCION RURAL LTDA EN LIQUIDACION,SEGMENTO 2,2015-02-28,2015-07-31,6,EN LIQUIDACION,,,,,,,,,,,,,,,,,,,,,
1891721796001,COOPERATIVA DE AHORRO Y CREDITO ACCION TUNGURAHUA LTDA,SEGMENTO 2,2019-06-30,2026-04-30,83,ACTIVA,31.31,3.62,23.3,27.08,11.58,7.85,100.04,0.05,0.39,2.17,20.43,2.13,7.63,86.05,3.0,3.5,1.0,3.0,2.0,2.575,ADECUADO
1790586863001,COOPERATIVA DE AHORRO Y CREDITO ALIANZA MINAS LTDA,SEGMENTO 2,2015-02-28,2026-04-30,135,ACTIVA,74.16,8.19,50.64,59.32,11.04,9.88,76.34,0.04,0.39,1.75,34.63,1.37,8.05,85.36,3.0,4.0,1.0,3.0,1.0,2.55,ADECUADO
0591713094001,COOPERATIVA DE AHORRO Y CREDITO ANDINA LTDA,SEGMENTO 2,2015-02-28,2026-04-30,135,ACTIVA,55.01,5.67,28.11,44.08,10.3,7.27,107.01,0.0,0.02,1.61,31.87,2.14,8.71,63.77,3.0,3.5,1.0,3.0,1.0,2.425,BUENO
0990258953001,COOPERATIVA DE AHORRO Y CREDITO ARMADA NACIONAL,SEGMENTO 2,2015-02-28,2022-04-30,86,ACTIVA,,,,,,,,,,,,,,,,,,,,,
1090107174001,COOPERATIVA DE AHORRO Y CREDITO ARTESANOS LTDA,SEGMENTO 2,2015-02-28,2026-04-30,135,ACTIVA,65.95,11.9,51.94,47.36,18.04,12.96,108.43,0.7,3.89,3.38,15.45,2.11,4.5,109.67,1.0,4.0,1.0,3.0,3.0,2.35,BUENO
1890124077001,COOPERATIVA DE AHORRO Y CREDITO CACPET TUNGURAHUA EN LIQUIDACION,SEGMENTO 2,2015-02-28,2015-07-31,6,EN LIQUIDACION,,,,,,,,,,,,,,,,,,,,,
1790900193001,COOPERATIVA DE AHORRO Y CREDITO CONSTRUCCION COMERCIO Y PRODUCCION LTDA,SEGMENTO 2,2015-02-28,2021-07-31,78,ACTIVA,,,,,,,,,,,,,,,,,,,,,
0190093581001,COOPERATIVA DE AHORRO Y CREDITO COOPAC AUSTRO LTDA,SEGMENTO 2,2015-02-28,2026-04-30,135,ACTIVA,85.11,10.8,56.06,72.26,12.69,5.33,187.23,0.14,1.07,2.23,37.15,1.89,6.87,77.58,2.0,2.5,1.0,3.0,1.0,1.925,BUENO
1791306589001,COOPERATIVA DE AHORRO Y CREDITO CORPORACION CENTRO LTDA,SEGMENTO 2,2015-02-28,2026-04-30,135,ACTIVA,47.44,4.59,33.31,41.28,9.67,8.29,90.59,0.25,2.59,1.89,22.64,2.11,9.31,80.7,3.0,4.0,1.0,3.0,2.0,2.7,ADECUADO
1790023508001,COOPERATIVA DE AHORRO Y CREDITO COTOCOLLAO LTDA,SEGMENTO 2,2015-02-28,2026-04-30,135,ACTIVA,54.25,4.58,38.03,47.27,8.44,13.49,105.2,0.54,6.35,2.49,29.14,1.93,10.78,80.44,4.0,4.0,1.0,3.0,1.0,2.8,ADECUADO
1891743005001,COOPERATIVA DE AHORRO Y CREDITO CREDI YA LTDA,SEGMENTO 2,2020-06-30,2026-04-30,71,ACTIVA,83.6,8.49,63.6,66.55,10.15,10.57,62.11,0.0,0.04,1.96,24.93,1.7,8.85,95.56,3.0,5.0,1.0,3.0,2.0,2.95,ADECUADO
1191725669001,COOPERATIVA DE AHORRO Y CREDITO CREDIAMIGO LTDA,SEGMENTO 2,2015-05-31,2026-04-30,120,ACTIVA,32.49,2.46,20.95,29.43,7.57,2.11,128.12,0.01,0.11,1.37,25.79,1.28,12.2,71.2,4.0,2.5,1.0,3.0,1.0,2.425,BUENO
1891735002001,COOPERATIVA DE AHORRO Y CREDITO CREDIL LTDA,SEGMENTO 2,2019-06-30,2026-04-30,83,ACTIVA,64.88,6.36,36.34,57.11,9.8,11.13,56.28,0.0,0.02,1.49,42.21,1.56,9.2,63.63,3.0,5.0,1.0,3.0,1.0,2.8,ADECUADO
1090078263001,COOPERATIVA DE AHORRO Y CREDITO DE INDIGENAS CHUCHUQUI LTDA,SEGMENTO 2,2015-02-28,2026-04-30,135,ACTIVA,22.1,2.24,14.03,18.83,10.12,17.94,91.14,-0.04,-0.38,1.77,30.69,2.26,8.88,74.5,3.0,4.5,1.0,4.0,1.0,2.825,ADECUADO
1990007019001,COOPERATIVA DE AHORRO Y CREDITO DE LA PEQUEÃA EMPRESA CACPE YANTZAZA LTDA,SEGMENTO 2,2015-02-28,2026-04-30,135,ACTIVA,98.12,9.86,58.77,80.4,10.05,5.07,106.95,0.14,1.43,1.51,45.58,1.23,8.94,73.1,3.0,3.0,1.0,3.0,1.0,2.3,BUENO
1990007027001,COOPERATIVA DE AHORRO Y CREDITO DE LA PEQUEÃA EMPRESA CACPE ZAMORA CHINCHIPE LTDA.,SEGMENTO 2,2015-02-28,2026-04-30,135,ACTIVA,98.68,12.18,69.44,84.1,12.34,5.96,126.35,0.16,1.33,1.91,28.23,1.56,7.09,82.57,2.0,3.0,1.0,3.0,1.0,2.05,BUENO
0690002744001,COOPERATIVA DE AHORRO Y CREDITO EDUCADORES DE CHIMBORAZO LTDA,SEGMENTO 2,2015-02-28,2026-04-30,135,ACTIVA,40.3,10.23,26.38,29.12,25.38,1.09,292.41,0.2,0.78,1.85,43.34,1.45,2.93,90.6,1.0,1.0,1.0,3.0,1.0,1.3,EXCELENTE
1190036967001,COOPERATIVA DE AHORRO Y CREDITO EDUCADORES DE LOJA - CACEL LTDA.,SEGMENTO 2,2015-02-28,2026-04-30,135,ACTIVA,55.6,8.81,35.04,39.45,15.85,3.18,150.96,0.13,0.84,1.7,46.22,1.6,5.3,88.83,1.0,2.0,1.0,3.0,1.0,1.55,BUENO
1890049369001,COOPERATIVA DE AHORRO Y CREDITO EDUCADORES DE TUNGURAHUA LTDA,SEGMENTO 2,2015-02-28,2026-04-30,135,ACTIVA,29.67,11.35,21.72,17.18,38.27,0.95,378.32,0.5,1.32,2.01,31.39,1.41,1.6,126.38,1.0,1.0,1.0,3.0,1.0,1.3,EXCELENTE
0190021513001,COOPERATIVA DE AHORRO Y CREDITO EDUCADORES DEL AZUAY LTDA,SEGMENTO 2,2015-02-28,2026-04-30,135,ACTIVA,65.38,12.4,38.5,51.58,18.96,2.06,137.7,0.18,0.95,1.24,43.84,1.02,4.26,74.65,1.0,2.5,1.0,3.0,1.0,1.675,BUENO
0490007458001,COOPERATIVA DE AHORRO Y CREDITO EDUCADORES TULCAN LTDA,SEGMENTO 2,2015-02-28,2026-04-30,135,ACTIVA,61.73,6.55,43.15,51.5,10.62,1.0,148.15,0.01,0.11,0.83,17.66,0.84,8.42,83.79,3.0,2.0,1.0,3.0,3.0,2.35,BUENO
0190316319001,COOPERATIVA DE AHORRO Y CREDITO FASAYÃAN LTDA,SEGMENTO 2,2015-05-31,2026-04-30,132,ACTIVA,60.15,4.42,36.12,54.53,7.34,7.65,101.06,0.03,0.36,1.06,39.67,1.07,12.61,66.24,4.0,3.5,1.0,3.0,1.0,2.675,ADECUADO
0590024937001,COOPERATIVA DE AHORRO Y CREDITO FINANZAS CORPORATIVAS LTDA,SEGMENTO 2,2015-05-31,2026-04-30,132,ACTIVA,49.75,8.15,35.1,40.55,16.39,0.42,332.1,0.11,0.64,1.57,29.59,1.44,5.09,86.56,1.0,1.0,1.0,3.0,1.0,1.3,EXCELENTE
1791784979001,COOPERATIVA DE AHORRO Y CREDITO FONDO PARA EL DESARROLLO Y LA VIDA,SEGMENTO 2,2015-02-28,2026-04-30,135,ACTIVA,34.57,3.66,21.19,28.91,10.58,5.78,100.29,0.02,0.18,1.7,35.89,2.01,8.45,73.31,3.0,3.0,1.0,3.0,1.0,2.3,BUENO
0590061123001,COOPERATIVA DE AHORRO Y CREDITO FUTURO LAMANENSE,SEGMENTO 2,2015-02-28,2026-04-30,135,ACTIVA,26.36,6.34,22.16,13.41,24.05,7.31,111.94,-0.12,-0.49,3.71,21.29,2.63,3.16,165.29,1.0,3.5,1.0,4.0,2.0,2.225,BUENO
0290001269001,COOPERATIVA DE AHORRO Y CREDITO GUARANDA LTDA,SEGMENTO 2,2015-02-28,2026-04-30,135,ACTIVA,85.84,13.26,46.7,69.92,15.44,14.04,114.31,0.27,1.75,1.77,52.59,1.32,5.46,66.79,1.0,4.0,1.0,3.0,1.0,2.05,BUENO
1791928083001,COOPERATIVA DE AHORRO Y CREDITO HUAICANA LTDA,SEGMENTO 2,2015-02-28,2026-04-30,135,ACTIVA,39.18,5.26,20.02,32.53,13.43,12.13,91.56,0.1,0.77,1.4,46.81,1.54,6.44,61.54,2.0,4.5,1.0,3.0,1.0,2.425,BUENO
1891745571001,COOPERATIVA DE AHORRO Y CREDITO INTERANDINA,SEGMENTO 2,2019-06-30,2026-04-30,83,ACTIVA,29.06,3.13,20.06,25.29,10.77,14.0,49.12,0.01,0.07,1.63,18.02,1.79,8.28,79.31,3.0,5.0,1.0,3.0,3.0,3.1,ADECUADO
0290004454001,COOPERATIVA DE AHORRO Y CREDITO JUAN PIO DE MORA LTDA,SEGMENTO 2,2015-02-28,2026-04-30,135,ACTIVA,91.19,9.62,58.26,79.27,10.55,13.44,56.32,0.0,0.02,1.44,30.16,1.24,8.47,73.5,3.0,5.0,1.0,3.0,1.0,2.8,ADECUADO
1891721591001,COOPERATIVA DE AHORRO Y CREDITO KISAPINCHA LTDA,SEGMENTO 2,2021-06-30,2026-04-30,59,ACTIVA,34.04,2.85,22.28,29.96,8.39,12.47,102.62,0.14,1.62,2.47,36.16,2.16,10.91,74.38,4.0,4.0,1.0,3.0,1.0,2.8,ADECUADO
1390143156001,COOPERATIVA DE AHORRO Y CREDITO LA BENEFICA LTDA,SEGMENTO 2,2015-02-28,2026-04-30,135,ACTIVA,51.3,10.24,33.25,37.0,19.97,6.2,124.19,0.37,1.87,2.73,43.59,2.39,3.99,89.88,1.0,3.5,1.0,3.0,1.0,1.925,BUENO
0290035260001,COOPERATIVA DE AHORRO Y CREDITO LAS NAVES LTDA,SEGMENTO 2,2021-06-30,2026-04-30,59,ACTIVA,25.53,3.16,19.68,20.53,12.39,2.89,133.81,0.37,2.95,2.75,21.13,2.09,7.04,95.83,2.0,2.5,1.0,3.0,2.0,2.075,BUENO
1791847644001,COOPERATIVA DE AHORRO Y CREDITO LUZ DEL VALLE,SEGMENTO 2,2015-02-28,2026-04-30,135,ACTIVA,89.99,10.64,64.69,70.84,11.82,8.48,112.82,0.06,0.5,2.4,22.07,1.99,7.45,91.32,3.0,3.5,1.0,3.0,2.0,2.575,ADECUADO
1792076773001,COOPERATIVA DE AHORRO Y CREDITO MANANTIAL DE ORO LTDA,SEGMENTO 2,2015-02-28,2026-04-30,135,ACTIVA,93.27,9.77,55.31,81.75,10.48,4.9,108.16,0.12,1.16,1.58,41.92,1.03,8.53,67.65,3.0,3.0,1.0,3.0,1.0,2.3,BUENO
1891708358001,COOPERATIVA DE AHORRO Y CREDITO MAQUITA CUSHUN LTDA,SEGMENTO 2,2015-05-31,2026-04-30,132,ACTIVA,83.92,9.61,59.23,69.47,11.45,4.43,137.31,0.22,1.93,1.88,32.09,1.22,7.71,85.27,3.0,3.0,1.0,3.0,1.0,2.3,BUENO
1791379470001,COOPERATIVA DE AHORRO Y CREDITO MAQUITA CUSHUNCHIC LTDA,SEGMENTO 2,2015-02-28,2026-04-30,135,ACTIVA,40.88,7.31,29.57,27.25,17.89,6.19,103.68,-0.47,-2.63,2.41,26.72,2.71,4.62,108.52,1.0,3.5,1.0,4.0,1.0,2.075,BUENO
0190419401001,COOPERATIVA DE AHORRO Y CREDITO MAS AHORRO SOLIDARIO MASCOOP,SEGMENTO 2,2015-10-31,2019-06-30,45,ACTIVA,,,,,,,,,,,,,,,,,,,,,
1391707363001,COOPERATIVA DE AHORRO Y CREDITO MICROEMPRESARIAL SUCRE,SEGMENTO 2,2015-02-28,2026-04-30,135,ACTIVA,27.91,5.7,15.96,20.19,20.44,4.42,159.95,0.29,1.43,2.07,46.28,2.24,3.88,79.06,1.0,2.5,1.0,3.0,1.0,1.675,BUENO
0690074761001,COOPERATIVA DE AHORRO Y CREDITO MINGA LTDA,SEGMENTO 2,2015-02-28,2026-04-30,135,ACTIVA,67.11,8.5,43.47,53.5,12.67,7.43,109.57,0.16,1.23,1.77,38.16,1.68,6.88,81.25,2.0,3.5,1.0,3.0,1.0,2.175,BUENO
1091712284001,COOPERATIVA DE AHORRO Y CREDITO MUJERES UNIDAS TANTANAKUSHKA WARMIKUNAPAC,SEGMENTO 2,2015-02-28,2026-04-30,135,ACTIVA,60.6,6.86,45.23,43.39,11.32,5.27,101.56,0.01,0.08,2.47,19.46,1.37,7.83,104.26,3.0,3.0,1.0,3.0,3.0,2.6,ADECUADO
0190160459001,COOPERATIVA DE AHORRO Y CREDITO MULTIEMPRESARIAL,SEGMENTO 2,2015-02-28,2026-04-30,135,ACTIVA,28.47,3.07,18.7,24.87,10.79,9.86,80.19,0.05,0.49,1.67,33.86,1.54,8.26,75.2,3.0,4.0,1.0,3.0,1.0,2.55,ADECUADO
1790892670001,COOPERATIVA DE AHORRO Y CREDITO PEDRO MONCAYO LTDA,SEGMENTO 2,2015-02-28,2026-04-30,135,ACTIVA,71.87,10.97,44.7,57.11,15.27,8.48,102.1,0.09,0.57,1.99,41.67,1.75,5.54,78.26,1.0,3.5,1.0,3.0,1.0,1.925,BUENO
1790641392001,COOPERATIVA DE AHORRO Y CREDITO POLITECNICA LTDA,SEGMENTO 2,2015-02-28,2026-04-30,135,ACTIVA,34.09,4.98,16.43,27.68,14.62,6.33,132.14,0.15,0.99,1.15,60.08,1.18,5.83,59.36,2.0,3.5,1.0,3.0,1.0,2.175,BUENO
1791280156001,COOPERATIVA DE AHORRO Y CREDITO PREVISION AHORRO Y DESAROLLO LTDA,SEGMENTO 2,2015-02-28,2026-04-30,135,ACTIVA,78.12,8.16,47.69,68.53,10.44,4.09,100.36,0.01,0.1,0.74,32.48,1.06,8.58,69.59,3.0,3.0,1.0,3.0,1.0,2.3,BUENO
1790890864001,COOPERATIVA DE AHORRO Y CREDITO PUELLARO LTDA,SEGMENTO 2,2015-02-28,2026-04-30,135,ACTIVA,47.85,4.22,28.63,37.71,8.83,8.3,58.77,0.09,1.06,2.06,38.06,2.1,10.32,75.93,4.0,4.5,1.0,3.0,1.0,2.925,ADECUADO
1090046892001,COOPERATIVA DE AHORRO Y CREDITO SAN ANTONIO LTDA - IMBABURA,SEGMENTO 2,2015-02-28,2026-04-30,135,ACTIVA,65.66,6.2,43.48,53.7,9.44,15.18,88.07,0.01,0.1,1.41,34.53,1.43,9.59,80.98,3.0,4.5,1.0,3.0,1.0,2.675,ADECUADO
1790045668001,COOPERATIVA DE AHORRO Y CREDITO SAN FRANCISCO DE ASIS LTDA,SEGMENTO 2,2015-02-28,2026-04-30,135,ACTIVA,94.29,16.95,56.02,73.77,17.98,6.03,102.29,0.01,0.03,1.25,31.27,1.35,4.56,75.95,1.0,3.5,1.0,3.0,1.0,1.925,BUENO
0490009124001,COOPERATIVA DE AHORRO Y CREDITO SAN GABRIEL LTDA,SEGMENTO 2,2015-02-28,2026-04-30,135,ACTIVA,35.97,3.46,24.74,32.5,9.62,21.69,96.06,-3.86,-40.15,1.58,27.71,2.1,9.8,76.13,3.0,4.5,1.0,5.0,1.0,2.975,ADECUADO
1791367359001,COOPERATIVA DE AHORRO Y CREDITO SAN MIGUEL DE LOS BANCOS LTDA,SEGMENTO 2,2015-02-28,2026-04-30,135,ACTIVA,34.81,4.93,22.65,28.65,14.16,9.12,100.3,-0.01,-0.07,2.03,39.44,1.99,6.06,79.06,2.0,3.5,1.0,4.0,1.0,2.325,BUENO
1390091474001,COOPERATIVA DE AHORRO Y CREDITO SANTA ANA LTDA,SEGMENTO 2,2015-02-28,2026-04-30,135,ACTIVA,61.17,8.16,49.6,38.81,13.35,4.42,109.16,0.02,0.14,1.98,19.83,1.79,6.49,127.78,2.0,3.0,1.0,3.0,3.0,2.35,BUENO
0190160378001,COOPERATIVA DE AHORRO Y CREDITO SANTA ISABEL LTDA,SEGMENTO 2,2015-02-28,2026-04-30,135,ACTIVA,74.91,6.94,39.28,66.89,9.26,5.9,93.23,0.0,0.0,1.06,49.05,1.2,9.8,58.72,3.0,3.5,1.0,3.0,1.0,2.425,BUENO
0190317625001,COOPERATIVA DE AHORRO Y CREDITO SEÃOR DE GIRON,SEGMENTO 2,2015-02-28,2026-04-30,135,ACTIVA,42.1,4.21,26.63,37.01,10.0,6.2,105.3,0.11,1.12,1.77,37.39,1.61,8.99,71.96,3.0,3.5,1.0,3.0,1.0,2.425,BUENO
0591719009001,COOPERATIVA DE AHORRO Y CREDITO SIERRA CENTRO LTDA,SEGMENTO 2,2015-02-28,2026-04-30,135,ACTIVA,31.53,2.71,23.77,28.21,8.61,8.84,98.85,0.0,0.03,1.45,16.73,1.82,10.61,84.27,4.0,4.0,1.0,3.0,3.0,3.1,ADECUADO
1891744214001,COOPERATIVA DE AHORRO Y CREDITO SISA,SEGMENTO 2,2019-06-30,2026-04-30,83,ACTIVA,63.17,7.25,47.21,47.86,11.48,10.72,90.05,0.05,0.45,2.3,28.44,1.35,7.71,98.64,3.0,4.5,1.0,3.0,1.0,2.675,ADECUADO
0591711563001,COOPERATIVA DE AHORRO Y CREDITO SUMAK KAWSAY LTDA,SEGMENTO 2,2015-02-28,2026-04-30,135,ACTIVA,55.33,5.6,41.03,48.35,10.13,12.04,101.66,0.09,0.88,1.95,24.43,1.67,8.87,84.86,3.0,4.0,1.0,3.0,2.0,2.7,ADECUADO
1891725910001,COOPERATIVA DE AHORRO Y CREDITO SUMAK SAMY LTDA,SEGMENTO 2,2020-06-30,2026-04-30,71,ACTIVA,53.62,5.73,30.1,41.86,10.68,9.2,96.86,-0.04,-0.36,1.47,52.82,1.2,8.36,71.9,3.0,4.0,1.0,4.0,1.0,2.7,ADECUADO
1590001585001,COOPERATIVA DE AHORRO Y CREDITO TENA LTDA,SEGMENTO 2,2015-02-28,2026-04-30,135,ACTIVA,39.11,6.83,29.22,29.65,17.45,5.47,107.73,0.3,1.71,2.32,26.59,2.0,4.71,98.55,1.0,3.0,1.0,3.0,1.0,1.8,BUENO
1791268628001,COOPERATIVA DE AHORRO Y CREDITO TEXTIL 14 DE MARZO,SEGMENTO 2,2015-02-28,2026-04-30,135,ACTIVA,65.25,6.72,45.08,51.92,10.29,10.36,110.03,0.02,0.19,2.31,34.36,1.62,8.71,86.84,3.0,4.0,1.0,3.0,1.0,2.55,ADECUADO
1090058521001,COOPERATIVA DE AHORRO Y CREDITO UNION EL EJIDO,SEGMENTO 2,2015-02-28,2026-04-30,135,ACTIVA,42.94,7.39,24.35,31.21,17.22,10.79,90.15,0.15,0.85,2.17,54.27,1.58,4.8,78.02,1.0,4.5,1.0,3.0,1.0,2.175,BUENO
1891710581001,COOPERATIVA DE AHORRO Y CREDITO VENCEDORES LTDA,SEGMENTO 2,2018-05-31,2026-04-30,96,ACTIVA,73.96,6.7,50.66,60.86,9.06,6.58,97.79,0.04,0.47,1.6,34.68,1.21,10.04,83.24,3.0,4.0,1.0,3.0,1.0,2.55,ADECUADO
0591719718001,COOPERATIVA DE AHORRO Y CREDITO VISION DE LOS ANDES VIS ANDES,SEGMENTO 2,2015-05-31,2026-04-30,132,ACTIVA,71.24,6.39,47.92,42.31,8.97,9.68,99.32,-0.29,-3.27,2.2,40.06,2.09,10.18,113.27,4.0,4.0,1.0,4.0,1.0,2.95,ADECUADO
0992280700001,COOPERATIVA DE AHORRO Y CRÃDITO HUANCAVILCA LTDA,SEGMENTO 2,2017-05-31,2026-04-30,108,ACTIVA,70.5,7.65,52.88,55.91,10.85,4.08,103.65,0.18,1.63,2.74,21.93,2.34,8.2,94.58,3.0,3.0,1.0,3.0,2.0,2.45,BUENO
0190327949001,COOPERATIVA DE AHORRO Y CRÃDITO PROVIDA LTDA,SEGMENTO 2,2015-02-28,2026-04-30,135,ACTIVA,100.19,17.45,52.36,52.75,17.42,5.72,220.01,0.88,5.04,1.65,88.5,0.33,4.69,99.27,1.0,2.0,1.0,2.0,1.0,1.4,EXCELENTE
1290068068001,COOPERATIVA DE AHORRO Y CRÃDITO SAN ANTONIO LTDA LOS RÃOS,SEGMENTO 2,2015-02-28,2026-04-30,135,ACTIVA,84.3,10.46,65.14,61.89,12.41,2.9,146.68,0.36,2.9,2.42,23.31,1.77,7.03,105.25,2.0,2.5,1.0,3.0,2.0,2.075,BUENO
0391005664001,COOPERATIVA DE AHORRO Y CRÃDITO YUYAY LTDA,SEGMENTO 2,2015-02-28,2026-04-30,135,ACTIVA,148.13,14.01,105.47,123.61,9.46,4.55,112.04,0.42,4.41,1.88,29.32,1.12,9.53,85.32,3.0,3.0,1.0,3.0,1.0,2.3,BUENO
1891706347001,COOPERATIVA DE AHORRO Y CREDITO 1 DE JULIO,SEGMENTO 3,2018-05-31,2024-05-31,73,ACTIVA,,,,,,,,,,,,,,,,,,,,,
1290029224001,COOPERATIVA DE AHORRO Y CREDITO 13 DE ABRIL,SEGMENTO 3,2015-02-28,2026-04-30,135,ACTIVA,16.18,4.79,12.17,11.07,29.62,11.85,110.41,0.25,0.85,2.99,23.71,2.69,2.37,109.91,1.0,4.0,1.0,3.0,2.0,2.2,BUENO
0591713124001,COOPERATIVA DE AHORRO Y CREDITO 15 DE AGOSTO DE PILACOTO,SEGMENTO 3,2022-06-30,2026-04-30,47,ACTIVA,20.22,3.14,11.35,16.59,15.55,10.67,114.27,-0.46,-2.97,1.07,27.15,1.63,5.46,68.41,1.0,4.0,1.0,4.0,1.0,2.2,BUENO
0790088611001,COOPERATIVA DE AHORRO Y CREDITO 16 DE JUNIO,SEGMENTO 3,2023-06-30,2026-04-30,35,ACTIVA,6.72,1.18,3.29,5.32,17.53,14.0,94.95,-3.92,-22.38,0.59,30.64,3.09,4.93,61.88,1.0,4.5,2.0,5.0,1.0,2.675,ADECUADO
1792116449001,COOPERATIVA DE AHORRO Y CREDITO 17 DE MARZO LIMITADA,SEGMENTO 3,2024-06-30,2026-04-30,23,ACTIVA,7.11,1.1,4.12,5.83,15.42,8.44,144.11,0.12,0.8,2.09,47.66,2.09,5.48,70.68,1.0,3.5,1.0,3.0,1.0,1.925,BUENO
1291713013001,COOPERATIVA DE AHORRO Y CREDITO 4 RIOS,SEGMENTO 3,2020-06-30,2026-04-30,70,ACTIVA,10.68,0.93,8.51,9.56,8.69,3.5,49.22,0.25,2.92,1.3,18.68,1.21,10.48,88.98,4.0,3.5,1.0,3.0,3.0,2.975,ADECUADO
1390141463001,COOPERATIVA DE AHORRO Y CREDITO ABDON CALDERON LTDA,SEGMENTO 3,2020-06-30,2026-04-30,71,ACTIVA,12.28,1.99,7.99,9.63,16.19,8.75,144.94,0.63,3.87,3.16,37.66,1.9,5.14,83.01,1.0,3.5,1.0,3.0,1.0,1.925,BUENO
1391714246001,COOPERATIVA DE AHORRO Y CREDITO AGRICOLA JUNIN,SEGMENTO 3,2025-06-30,2026-04-30,11,ACTIVA,6.29,1.35,3.9,4.25,21.52,9.66,133.97,0.38,1.76,2.92,46.09,2.71,3.63,91.71,1.0,3.5,1.0,3.0,1.0,1.925,BUENO
1891742904001,COOPERATIVA DE AHORRO Y CREDITO ANGAHUANA,SEGMENTO 3,2024-06-30,2026-04-30,23,ACTIVA,19.98,1.92,13.87,16.44,9.6,5.36,105.36,0.02,0.17,2.08,23.51,1.84,9.42,84.37,3.0,3.0,1.0,3.0,2.0,2.45,BUENO
0890011802001,COOPERATIVA DE AHORRO Y CREDITO ANTORCHA LTDA,SEGMENTO 3,2018-05-31,2026-04-30,96,ACTIVA,9.83,2.57,8.39,6.53,26.18,12.81,108.56,0.15,0.59,4.38,10.58,2.95,2.81,128.55,1.0,4.0,1.0,3.0,4.0,2.5,BUENO
0991501258001,COOPERATIVA DE AHORRO Y CREDITO BASE DE TAURA,SEGMENTO 3,2015-02-28,2026-04-30,135,ACTIVA,8.66,1.6,6.86,6.82,18.5,5.35,112.29,0.06,0.31,2.84,21.06,2.72,4.4,100.59,1.0,3.0,1.0,3.0,2.0,1.95,BUENO
0190327930001,COOPERATIVA DE AHORRO Y CREDITO BAÃâOS LTDA,SEGMENTO 3,2015-02-28,2018-07-31,42,ACTIVA,,,,,,,,,,,,,,,,,,,,,
1190078937001,COOPERATIVA DE AHORRO Y CREDITO CACPE CELICA,SEGMENTO 3,2018-05-31,2026-04-30,84,ACTIVA,8.39,2.16,5.38,6.19,25.71,11.37,122.2,-1.54,-5.97,1.76,41.14,1.4,2.95,86.95,1.0,4.0,1.0,5.0,1.0,2.35,BUENO
1190035545001,COOPERATIVA DE AHORRO Y CREDITO CAMARA DE COMERCIO DE LOJA LTDA EN LIQUIDACION,SEGMENTO 3,2015-02-28,2017-06-30,29,EN LIQUIDACION,,,,,,,,,,,,,,,,,,,,,
0690075598001,COOPERATIVA DE AHORRO Y CREDITO CAMARA DE COMERCIO DE RIOBAMBA LTDA,SEGMENTO 3,2022-06-30,2025-05-31,36,ACTIVA,,,,,,,,,,,,,,,,,,,,,
1792021162001,COOPERATIVA DE AHORRO Y CREDITO CAMARA DE COMERCIO DE SANTO DOMINGO,SEGMENTO 3,2015-02-28,2026-04-30,130,ACTIVA,4.58,0.87,3.33,3.39,19.0,77.08,0.0,0.14,0.73,0.48,1.9,1.88,4.26,98.29,1.0,5.0,1.0,3.0,5.0,2.9,ADECUADO
2290316947001,COOPERATIVA DE AHORRO Y CREDITO CAMARA DE COMERCIO JOYA DE LOS SACHAS LTDA,SEGMENTO 3,2022-06-30,2026-04-30,47,ACTIVA,12.66,1.37,9.46,10.7,10.83,9.14,53.88,-0.14,-1.28,1.64,18.04,1.77,8.25,88.47,3.0,4.5,1.0,4.0,3.0,3.125,ADECUADO
1891720978001,COOPERATIVA DE AHORRO Y CREDITO CAMPESINA COOPAC,SEGMENTO 3,2015-02-28,2026-04-30,135,ACTIVA,15.41,1.47,11.72,13.6,9.57,22.0,23.65,0.0,0.01,0.53,18.45,1.32,9.45,86.12,3.0,5.0,1.0,3.0,3.0,3.1,ADECUADO
0390000804001,COOPERATIVA DE AHORRO Y CREDITO CAÃAR LTDA,SEGMENTO 3,2015-02-28,2026-04-30,135,ACTIVA,21.46,3.65,13.97,17.28,16.98,8.78,96.84,0.13,0.76,1.82,38.82,1.32,4.88,80.83,1.0,4.0,1.0,3.0,1.0,2.05,BUENO
1791944038001,COOPERATIVA DE AHORRO Y CREDITO CHOCO TUNGURAHUA RUNA LTDA EN LIQUIDACION,SEGMENTO 3,2015-05-31,2017-10-31,30,EN LIQUIDACION,,,,,,,,,,,,,,,,,,,,,
0691729281001,COOPERATIVA DE AHORRO Y CREDITO CHUNCHI LTDA,SEGMENTO 3,2023-06-30,2026-04-30,35,ACTIVA,18.09,1.71,10.95,14.51,9.45,9.24,105.61,0.27,2.87,1.73,44.59,1.23,9.56,75.46,3.0,3.5,1.0,3.0,1.0,2.425,BUENO
1790170047001,COOPERATIVA DE AHORRO Y CREDITO CIUDAD DE QUITO,SEGMENTO 3,2015-02-28,2026-04-30,135,ACTIVA,5.44,0.58,2.47,4.68,10.62,5.04,107.76,0.12,1.16,2.37,60.68,2.36,8.41,52.76,3.0,3.0,1.0,3.0,1.0,2.3,BUENO
1990007124001,COOPERATIVA DE AHORRO Y CREDITO CIUDAD DE ZAMORA,SEGMENTO 3,2022-06-30,2026-04-30,47,ACTIVA,8.03,1.79,5.3,5.78,22.34,2.98,141.49,0.11,0.49,1.99,41.62,1.9,3.47,91.62,1.0,2.5,1.0,3.0,1.0,1.675,BUENO
1590017589001,COOPERATIVA DE AHORRO Y CREDITO COCA LTDA,SEGMENTO 3,2015-02-28,2026-04-30,135,ACTIVA,25.8,4.97,18.44,20.02,19.25,8.34,105.8,0.38,1.95,2.75,26.7,2.49,4.17,92.14,1.0,3.5,1.0,3.0,1.0,1.925,BUENO
1792266246001,COOPERATIVA DE AHORRO Y CREDITO COOP CATAR LTDA EN LIQUIDACION,SEGMENTO 3,2017-05-31,2023-06-30,74,EN LIQUIDACION,,,,,,,,,,,,,,,,,,,,,
1891720587001,COOPERATIVA DE AHORRO Y CREDITO COORAMBATO LTDA,SEGMENTO 3,2020-06-30,2026-04-30,71,ACTIVA,26.33,4.45,19.86,16.14,16.9,7.73,111.6,0.03,0.18,2.1,37.79,1.46,4.92,123.1,1.0,3.5,1.0,3.0,1.0,1.925,BUENO
0591714333001,COOPERATIVA DE AHORRO Y CREDITO COORCOTOPAXI LTDA,SEGMENTO 3,2021-06-30,2026-04-30,59,ACTIVA,15.7,1.92,10.65,11.88,12.26,5.61,122.33,0.33,2.65,2.19,36.32,2.02,7.13,89.58,2.0,3.0,1.0,3.0,1.0,2.05,BUENO
0190375811001,COOPERATIVA DE AHORRO Y CREDITO CORPUCOOP LTDA,SEGMENTO 3,2023-06-30,2026-04-30,35,ACTIVA,11.0,1.09,6.93,9.76,9.93,2.99,110.89,-0.15,-1.54,1.25,32.48,1.35,9.09,71.02,3.0,2.5,1.0,4.0,1.0,2.325,BUENO
1891726712001,COOPERATIVA DE AHORRO Y CREDITO CRECER WIÃARI LTDA,SEGMENTO 3,2015-05-31,2026-04-30,132,ACTIVA,61.59,5.78,45.62,50.07,9.39,5.12,102.81,0.02,0.22,2.14,22.97,1.55,9.64,91.11,3.0,3.0,1.0,3.0,2.0,2.45,BUENO
1891724787001,COOPERATIVA DE AHORRO Y CREDITO CREDI FACIL LTDA,SEGMENTO 3,2015-05-31,2026-04-30,47,ACTIVA,19.98,2.02,12.89,17.25,10.1,14.14,84.01,0.0,0.04,1.78,32.95,1.55,8.9,74.71,3.0,4.5,1.0,3.0,1.0,2.675,ADECUADO
1891713750001,COOPERATIVA DE AHORRO Y CREDITO CREDIAMBATO LTDA,SEGMENTO 3,2015-02-28,2026-04-30,135,ACTIVA,18.97,2.33,12.47,16.07,12.28,3.56,211.81,-0.02,-0.16,1.42,35.7,1.5,7.15,77.59,2.0,1.5,1.0,4.0,1.0,1.825,BUENO
1891745687001,COOPERATIVA DE AHORRO Y CREDITO CREDIMAS,SEGMENTO 3,2021-06-30,2026-04-30,59,ACTIVA,18.39,1.77,13.06,15.53,9.6,7.45,88.8,-0.94,-9.76,2.37,28.95,2.35,9.51,84.05,3.0,4.0,1.0,5.0,1.0,2.85,ADECUADO
1190082462001,COOPERATIVA DE AHORRO Y CREDITO CRISTO REY,SEGMENTO 3,2015-02-28,2026-04-30,135,ACTIVA,17.49,2.87,12.68,13.18,16.42,10.21,91.88,0.09,0.55,1.79,29.46,1.75,5.08,96.22,1.0,4.5,1.0,3.0,1.0,2.175,BUENO
1090104655001,COOPERATIVA DE AHORRO Y CREDITO DE IMBABURA AMAZONAS,SEGMENTO 3,2015-05-31,2019-09-30,53,ACTIVA,,,,,,,,,,,,,,,,,,,,,
1191720624001,COOPERATIVA DE AHORRO Y CREDITO DE LA CAMARA DE COMERCIO DE GONZANAMA,SEGMENTO 3,2025-06-30,2026-04-30,11,ACTIVA,7.57,1.36,6.17,4.86,17.95,8.61,115.29,0.66,3.66,2.57,21.55,1.87,4.53,126.99,1.0,3.5,1.0,3.0,2.0,2.075,BUENO
1191712249001,COOPERATIVA DE AHORRO Y CREDITO DE LA MICROEMPRESA FORTUNA,SEGMENTO 3,2015-02-28,2026-04-30,135,ACTIVA,21.42,2.69,14.29,18.18,12.54,6.25,116.31,0.22,1.73,1.51,26.48,1.34,6.96,78.62,2.0,3.5,1.0,3.0,1.0,2.175,BUENO
1791375874001,COOPERATIVA DE AHORRO Y CREDITO DE LOS EMPLEADOS JUBILADOS Y EX-EMPLEADOS DEL BANCO CENTRAL DEL ECUADOR,SEGMENTO 3,2015-02-28,2026-04-30,135,ACTIVA,6.38,0.77,2.56,5.44,12.0,33.4,78.03,-1.27,-10.58,1.87,62.08,2.59,7.44,47.03,2.0,4.5,1.0,5.0,1.0,2.725,ADECUADO
0190344169001,COOPERATIVA DE AHORRO Y CREDITO DEL AZUAY,SEGMENTO 3,2023-06-30,2026-04-30,35,ACTIVA,11.53,1.41,5.72,6.67,12.26,14.78,139.73,0.42,3.45,1.31,85.44,1.14,7.12,85.68,2.0,4.0,1.0,3.0,1.0,2.3,BUENO
1791289609001,COOPERATIVA DE AHORRO Y CREDITO DEL DISTRITO METROPOLITANO DE QUITO AMAZONAS EN LIQUIDACION,SEGMENTO 3,2015-05-31,2022-03-31,83,EN LIQUIDACION,,,,,,,,,,,,,,,,,,,,,
1790495507001,COOPERATIVA DE AHORRO Y CREDITO DEL MAGISTERIO DE PICHINCHA,SEGMENTO 3,2015-02-28,2026-04-30,135,ACTIVA,20.53,4.64,9.25,15.37,22.61,3.61,110.09,0.02,0.08,1.3,52.51,1.71,3.42,60.17,1.0,2.5,1.0,3.0,1.0,1.675,BUENO
1191736296001,COOPERATIVA DE AHORRO Y CREDITO DEL SINDICATO DE CHOFERES PROFESIONALES DE LOJA LTDA,SEGMENTO 3,2015-02-28,2016-04-30,15,ACTIVA,,,,,,,,,,,,,,,,,,,,,
0990320160001,COOPERATIVA DE AHORRO Y CREDITO DR CORNELIO SAENZ VERA LTDA,SEGMENTO 3,2021-06-30,2026-04-30,59,ACTIVA,6.48,3.56,3.31,2.86,54.89,0.14,929.5,0.07,0.13,2.21,93.39,2.27,0.82,115.51,1.0,1.0,1.0,3.0,1.0,1.3,EXCELENTE
1091733559001,COOPERATIVA DE AHORRO Y CREDITO ECUACREDITOS LTDA,SEGMENTO 3,2017-05-31,2026-04-30,108,ACTIVA,39.25,3.57,23.78,33.52,9.09,8.18,103.55,0.15,1.63,1.93,26.5,1.63,9.99,70.95,3.0,3.5,1.0,3.0,1.0,2.425,BUENO
1891736882001,COOPERATIVA DE AHORRO Y CREDITO ECUAFUTURO LTDA,SEGMENTO 3,2022-06-30,2026-04-30,47,ACTIVA,19.75,2.36,15.48,16.74,11.96,10.76,61.48,-0.21,-1.79,2.4,15.43,2.35,7.38,92.46,3.0,5.0,1.0,4.0,3.0,3.25,ADECUADO
0290001684001,COOPERATIVA DE AHORRO Y CREDITO EDUCADORES DE BOLIVAR,SEGMENTO 3,2015-02-28,2015-03-31,2,ACTIVA,,,,,,,,,,,,,,,,,,,,,
1690000632001,COOPERATIVA DE AHORRO Y CREDITO EDUCADORES DE PASTAZA LTDA,SEGMENTO 3,2015-02-28,2026-04-30,135,ACTIVA,15.75,4.14,9.42,11.04,26.29,1.17,206.27,0.23,0.89,2.07,22.47,1.97,2.79,85.32,1.0,1.0,1.0,3.0,2.0,1.45,EXCELENTE
1990010028001,COOPERATIVA DE AHORRO Y CREDITO EDUCADORES Y ASOCIADOS ZAMORA CHINCHIPE,SEGMENTO 3,2015-02-28,2026-04-30,135,ACTIVA,9.98,3.73,6.03,4.7,37.34,6.11,75.64,0.02,0.05,2.04,71.89,1.89,1.68,128.12,1.0,4.0,1.0,3.0,1.0,2.05,BUENO
1792060559001,COOPERATIVA DE AHORRO Y CREDITO EL MOLINO LIMITADA,SEGMENTO 3,2024-06-30,2026-04-30,23,ACTIVA,11.55,1.05,6.32,10.44,9.13,7.63,88.88,-0.76,-8.33,0.95,19.58,1.88,10.03,60.5,3.0,4.0,1.0,5.0,3.0,3.15,ADECUADO
1792300657001,COOPERATIVA DE AHORRO Y CREDITO EMPRENDEDORES COOPEMPRENDER LIMITADA,SEGMENTO 3,2019-06-30,2026-04-30,83,ACTIVA,11.85,1.3,7.33,10.36,10.98,10.13,100.0,0.1,0.9,1.62,42.26,1.57,8.1,70.79,3.0,4.5,1.0,3.0,1.0,2.675,ADECUADO
1091722425001,COOPERATIVA DE AHORRO Y CREDITO ESCENCIA INDIGENA LTDA EN LIQUIDACION,SEGMENTO 3,2015-02-28,2017-04-30,27,EN LIQUIDACION,,,,,,,,,,,,,,,,,,,,,
1792042518001,COOPERATIVA DE AHORRO Y CREDITO ESPERANZA DEL FUTURO LTDA,SEGMENTO 3,2023-06-30,2026-04-30,35,ACTIVA,7.97,0.83,5.8,6.94,10.42,20.95,27.35,-1.32,-12.65,0.67,10.67,2.26,8.73,83.57,3.0,5.0,1.0,5.0,4.0,3.55,MARGINAL
0190150739001,COOPERATIVA DE AHORRO Y CREDITO ETAPA,SEGMENTO 3,2020-06-30,2026-04-30,71,ACTIVA,9.61,1.26,7.12,8.24,13.08,11.1,104.63,-0.43,-3.29,1.67,23.62,1.84,6.68,86.42,2.0,4.0,1.0,4.0,2.0,2.6,ADECUADO
0390029241001,COOPERATIVA DE AHORRO Y CREDITO FAMILIA AUSTRAL LTDA,SEGMENTO 3,2015-02-28,2015-09-30,8,ACTIVA,,,,,,,,,,,,,,,,,,,,,
1891737552001,COOPERATIVA DE AHORRO Y CREDITO FINANCREDIT LTDA,SEGMENTO 3,2022-06-30,2026-04-30,47,ACTIVA,30.16,4.05,22.78,18.4,13.41,7.97,107.37,0.28,2.12,2.76,34.89,1.76,6.44,123.75,2.0,3.5,1.0,3.0,1.0,2.175,BUENO
2191701227001,COOPERATIVA DE AHORRO Y CREDITO FOCLA,SEGMENTO 3,2019-06-30,2026-04-30,82,ACTIVA,21.06,3.58,13.94,15.48,17.0,13.64,113.24,0.24,1.38,2.28,34.85,1.41,4.87,90.08,1.0,4.0,1.0,3.0,1.0,2.05,BUENO
0190319296001,COOPERATIVA DE AHORRO Y CREDITO GAÃANSOL LTDA,SEGMENTO 3,2016-05-31,2026-04-30,120,ACTIVA,31.28,2.47,17.61,23.69,7.89,7.77,91.96,-0.62,-7.83,1.22,51.29,1.6,11.76,74.33,4.0,4.0,1.0,5.0,1.0,3.1,ADECUADO
1191723062001,COOPERATIVA DE AHORRO Y CREDITO GONZANAMA,SEGMENTO 3,2021-06-30,2026-04-30,59,ACTIVA,12.31,1.31,7.62,9.9,10.63,3.88,108.84,0.05,0.45,1.54,38.82,1.57,8.4,76.92,3.0,2.5,1.0,3.0,1.0,2.175,BUENO
0992198990001,COOPERATIVA DE AHORRO Y CREDITO GRUPO DIFARE,SEGMENTO 3,2020-06-30,2026-04-30,71,ACTIVA,12.92,3.22,7.2,9.32,24.88,3.86,108.29,0.37,1.47,1.85,51.72,1.71,3.0,77.27,1.0,2.5,1.0,3.0,1.0,1.675,BUENO
1791430956001,COOPERATIVA DE AHORRO Y CREDITO HERMES GAIBOR VERDESOTO,SEGMENTO 3,2017-05-31,2026-04-30,108,ACTIVA,25.11,4.64,14.35,19.31,18.48,6.6,121.5,0.05,0.28,1.46,50.41,1.47,4.41,74.3,1.0,3.5,1.0,3.0,1.0,1.925,BUENO
0591714031001,COOPERATIVA DE AHORRO Y CREDITO ILINIZA LTDA,SEGMENTO 3,2022-06-30,2026-04-30,47,ACTIVA,17.73,2.18,10.78,10.22,12.29,7.22,101.54,-0.05,-0.39,1.91,61.1,1.97,7.14,105.5,2.0,3.5,1.0,4.0,1.0,2.325,BUENO
1091716697001,COOPERATIVA DE AHORRO Y CREDITO IMBABURA IMBACOOP LTDA,SEGMENTO 3,2020-06-30,2026-04-30,71,ACTIVA,34.07,3.1,24.99,30.02,9.1,6.4,74.79,0.05,0.52,2.18,19.08,2.09,9.98,83.27,3.0,4.5,1.0,3.0,3.0,2.975,ADECUADO
1891726798001,COOPERATIVA DE AHORRO Y CREDITO INDIGENA SAC PELILEO LTDA,SEGMENTO 3,2015-02-28,2019-03-31,50,ACTIVA,,,,,,,,,,,,,,,,,,,,,
1891726763001,COOPERATIVA DE AHORRO Y CREDITO INDIGENA SAC PILLARO LTDA,SEGMENTO 3,2024-06-30,2026-04-30,23,ACTIVA,8.33,1.04,5.86,5.99,12.48,9.91,98.5,0.07,0.56,2.37,38.03,2.35,7.01,97.74,2.0,4.0,1.0,3.0,1.0,2.3,BUENO
2091756679001,COOPERATIVA DE AHORRO Y CREDITO INDIGENAS GALAPAGOS LTDA,SEGMENTO 3,2021-06-30,2026-04-30,59,ACTIVA,33.69,3.7,27.05,23.79,10.97,6.05,102.94,0.07,0.63,2.79,18.46,2.11,8.11,113.7,3.0,3.5,1.0,3.0,3.0,2.725,ADECUADO
0190325970001,COOPERATIVA DE AHORRO Y CREDITO INTEGRAL,SEGMENTO 3,2015-02-28,2015-04-30,3,ACTIVA,,,,,,,,,,,,,,,,,,,,,
1891724558001,COOPERATIVA DE AHORRO Y CREDITO INTELIGENCIA DE NEGOCIOS LTDA EN LIQUIDACION,SEGMENTO 3,2024-06-30,2026-01-31,20,EN LIQUIDACION,,,,,,,,,,,,,,,,,,,,,
0190338509001,COOPERATIVA DE AHORRO Y CREDITO JADAN,SEGMENTO 3,2022-06-30,2026-04-30,47,ACTIVA,10.68,2.33,6.51,7.78,21.85,5.66,211.31,0.48,2.19,2.08,45.89,1.37,3.55,83.67,1.0,2.0,1.0,3.0,1.0,1.55,BUENO
1790976262001,COOPERATIVA DE AHORRO Y CREDITO JUAN DE SALINAS EN LIQUIDACION,SEGMENTO 3,2016-05-31,2022-06-30,74,EN LIQUIDACION,,,,,,,,,,,,,,,,,,,,,
1891725104001,COOPERATIVA DE AHORRO Y CREDITO JUVENTUD UNIDA LTDA,SEGMENTO 3,2023-06-30,2026-04-30,30,ACTIVA,13.79,1.6,9.11,8.3,11.57,9.41,102.18,0.02,0.21,2.18,35.12,2.3,7.64,109.78,3.0,3.5,1.0,3.0,1.0,2.425,BUENO
0990138850001,COOPERATIVA DE AHORRO Y CREDITO LA DOLOROSA LTDA,SEGMENTO 3,2015-02-28,2026-04-30,135,ACTIVA,20.27,4.67,14.08,14.79,23.02,10.85,92.41,0.0,0.02,2.63,29.02,1.91,3.34,95.23,1.0,4.5,1.0,3.0,1.0,2.175,BUENO
1891714633001,COOPERATIVA DE AHORRO Y CREDITO LA FLORESTA LTDA,SEGMENTO 3,2019-06-30,2026-04-30,83,ACTIVA,12.66,1.27,7.08,10.21,9.99,16.13,93.27,0.24,2.43,2.02,41.78,2.34,8.98,69.42,3.0,4.5,1.0,3.0,1.0,2.675,ADECUADO
1291731518001,COOPERATIVA DE AHORRO Y CREDITO LA NUESTRA LTDA,SEGMENTO 3,2023-06-30,2026-04-30,35,ACTIVA,5.24,0.45,3.37,3.27,8.55,7.27,110.04,0.03,0.32,2.11,32.03,2.1,10.69,102.89,4.0,3.5,1.0,3.0,1.0,2.675,ADECUADO
1191739392001,COOPERATIVA DE AHORRO Y CREDITO LOJA INTERNACIONAL LTDA EN LIQUIDACION EN LIQUIDACION,SEGMENTO 3,2015-06-30,2017-06-30,25,EN LIQUIDACION,,,,,,,,,,,,,,,,,,,,,
0992381760001,COOPERATIVA DE AHORRO Y CREDITO LOS ANDES LATINOS LTDA,SEGMENTO 3,2021-06-30,2026-04-30,59,ACTIVA,19.85,2.51,15.23,14.08,12.65,2.48,134.04,0.61,4.81,3.18,26.67,2.56,6.86,108.21,2.0,2.5,1.0,3.0,1.0,1.925,BUENO
1090007641001,COOPERATIVA DE AHORRO Y CREDITO MAESTROS ASOCIADOS DE IMBABURA LTDA EN LIQUIDACION,SEGMENTO 3,2015-02-28,2015-04-30,3,EN LIQUIDACION,,,,,,,,,,,,,,,,,,,,,
1390017177001,COOPERATIVA DE AHORRO Y CREDITO MAGISTERIO MANABITA LIMITADA,SEGMENTO 3,2015-02-28,2026-04-30,135,ACTIVA,11.43,6.13,9.1,3.82,53.64,6.41,153.08,1.48,2.75,3.67,24.9,3.05,0.84,237.87,1.0,3.0,2.0,2.0,2.0,2.0,BUENO
0791704499001,COOPERATIVA DE AHORRO Y CREDITO MARCABELI LTDA,SEGMENTO 3,2019-06-30,2026-04-30,83,ACTIVA,38.37,3.37,27.77,34.25,8.78,13.74,50.82,0.04,0.45,1.87,17.2,1.93,10.38,81.08,4.0,5.0,1.0,3.0,3.0,3.35,ADECUADO
0992470550001,COOPERATIVA DE AHORRO Y CREDITO METROPOLIS LTDA,SEGMENTO 3,2023-06-30,2026-04-30,35,ACTIVA,18.11,2.03,13.97,15.65,11.21,1.74,137.3,0.36,3.19,2.47,21.86,1.85,7.89,89.24,3.0,2.0,1.0,3.0,2.0,2.2,BUENO
0990872562001,COOPERATIVA DE AHORRO Y CREDITO METROPOLITANA LTDA,SEGMENTO 3,2015-02-28,2026-04-30,135,ACTIVA,7.33,2.35,2.91,4.41,32.11,0.03,7346.85,0.09,0.27,1.53,81.07,1.75,2.11,65.95,1.0,1.0,1.0,3.0,1.0,1.3,EXCELENTE
1891734650001,COOPERATIVA DE AHORRO Y CREDITO MIGRANTES DEL ECUADOR LTDA,SEGMENTO 3,2023-06-30,2026-04-30,35,ACTIVA,23.04,2.14,14.5,15.65,9.29,5.82,99.17,0.04,0.48,1.87,41.64,1.86,9.76,92.63,3.0,3.5,1.0,3.0,1.0,2.425,BUENO
1792311667001,COOPERATIVA DE AHORRO Y CREDITO NEGOCIOS ANDINOS LTDA,SEGMENTO 3,2023-06-30,2026-04-30,35,ACTIVA,7.25,0.66,5.15,5.85,9.15,21.43,44.33,-1.91,-20.91,1.84,31.85,2.5,10.14,88.03,3.0,5.0,1.0,5.0,1.0,3.1,ADECUADO
0691720721001,COOPERATIVA DE AHORRO Y CREDITO NUEVA ESPERANZA LTDA,SEGMENTO 3,2019-06-30,2026-04-30,83,ACTIVA,19.16,2.39,13.4,13.89,12.48,7.43,96.01,0.08,0.66,1.72,30.71,1.75,7.01,96.48,2.0,4.0,1.0,3.0,1.0,2.3,BUENO
0591724444001,COOPERATIVA DE AHORRO Y CREDITO OCCIDENTAL,SEGMENTO 3,2021-06-30,2026-04-30,59,ACTIVA,28.95,2.29,20.38,25.82,7.89,9.95,97.41,0.29,3.67,1.93,25.54,1.92,11.63,78.92,4.0,4.0,1.0,3.0,1.0,2.8,ADECUADO
1792253411001,"COOPERATIVA DE AHORRO Y CREDITO ORDEN Y SEGURIDAD ""OYS",SEGMENTO 3,2019-06-30,2026-04-30,83,ACTIVA,10.75,1.92,3.54,8.45,17.89,10.08,123.63,-1.57,-8.76,0.02,36.16,1.97,4.68,41.94,1.0,4.0,1.0,5.0,1.0,2.35,BUENO
1891723241001,COOPERATIVA DE AHORRO Y CREDITO PAKARYMUY AMANECIENDO EN LIQUIDACION,SEGMENTO 3,2015-02-28,2015-09-30,3,EN LIQUIDACION,,,,,,,,,,,,,,,,,,,,,
1792057043001,COOPERATIVA DE AHORRO Y CREDITO PICHINCHA LTDA,SEGMENTO 3,2018-05-31,2026-04-30,96,ACTIVA,7.91,1.1,5.15,6.2,13.9,11.57,86.74,0.31,2.2,1.54,21.89,3.1,6.17,83.19,2.0,4.5,2.0,3.0,2.0,2.775,ADECUADO
0591712470001,COOPERATIVA DE AHORRO Y CREDITO PILAHUIN EN LIQUIDACION,SEGMENTO 3,2021-06-30,2023-09-30,28,EN LIQUIDACION,,,,,,,,,,,,,,,,,,,,,
1891739113001,COOPERATIVA DE AHORRO Y CREDITO PRODUCCION AHORRO INVERSION SERVICIO PAIS LTDA,SEGMENTO 3,2025-06-30,2026-04-30,11,ACTIVA,12.22,1.07,8.2,8.19,8.77,5.13,102.26,0.31,3.49,2.19,45.16,1.67,10.37,100.09,4.0,3.0,1.0,3.0,1.0,2.55,ADECUADO
0190325644001,COOPERATIVA DE AHORRO Y CREDITO PROFUTURO LTDA,SEGMENTO 3,2015-05-31,2017-03-31,23,ACTIVA,,,,,,,,,,,,,,,,,,,,,
0591714821001,COOPERATIVA DE AHORRO Y CREDITO PUCARA LTDA,SEGMENTO 3,2025-06-30,2026-04-30,11,ACTIVA,8.97,1.02,6.52,4.97,11.38,3.06,121.64,0.13,1.16,1.82,41.45,1.65,7.78,131.29,3.0,2.5,1.0,3.0,1.0,2.175,BUENO
0591713760001,COOPERATIVA DE AHORRO Y CREDITO PUJILI LTDA,SEGMENTO 3,2023-06-30,2026-04-30,35,ACTIVA,14.44,1.54,12.36,11.58,10.65,8.25,110.86,1.36,12.72,3.31,13.98,1.96,8.26,106.77,3.0,3.5,1.0,2.0,4.0,2.725,ADECUADO
1891737439001,COOPERATIVA DE AHORRO Y CREDITO PUSHAK RUNA LTDA,SEGMENTO 3,2018-05-31,2026-04-30,96,ACTIVA,42.92,3.26,30.76,38.82,7.59,14.87,74.6,0.01,0.15,1.88,19.03,2.09,12.17,79.25,4.0,5.0,1.0,3.0,3.0,3.35,ADECUADO
1891742319001,COOPERATIVA DE AHORRO Y CREDITO RHUMY WARA,SEGMENTO 3,2022-06-30,2026-04-30,47,ACTIVA,22.45,3.21,17.37,12.22,14.28,4.27,105.53,0.15,1.04,1.93,33.28,1.66,5.99,142.11,2.0,3.0,1.0,3.0,1.0,2.05,BUENO
1091761439001,COOPERATIVA DE AHORRO Y CREDITO RURAL SIERRA NORTE,SEGMENTO 3,2023-06-30,2026-04-30,35,ACTIVA,17.66,2.39,13.68,11.46,13.54,7.13,106.16,0.28,2.03,2.88,27.43,2.2,6.36,119.39,2.0,3.5,1.0,3.0,1.0,2.175,BUENO
0290034337001,COOPERATIVA DE AHORRO Y CREDITO SALINAS LIMITADA,SEGMENTO 3,2015-02-28,2026-04-30,135,ACTIVA,13.88,2.05,8.08,11.52,14.75,6.67,105.28,0.1,0.7,2.23,42.96,1.87,5.77,70.18,2.0,3.5,1.0,3.0,1.0,2.175,BUENO
0990858527001,COOPERATIVA DE AHORRO Y CREDITO SALITRE LTDA,SEGMENTO 3,2015-02-28,2026-04-30,135,ACTIVA,10.1,1.57,5.18,8.03,15.54,20.17,108.83,-0.24,-1.52,3.16,43.8,2.93,5.45,64.49,1.0,4.0,1.0,4.0,1.0,2.2,BUENO
1891711278001,COOPERATIVA DE AHORRO Y CREDITO SAN ALFONSO LTDA,SEGMENTO 3,2018-05-31,2018-11-30,7,ACTIVA,,,,,,,,,,,,,,,,,,,,,
1790100294001,COOPERATIVA DE AHORRO Y CREDITO SAN CRISTOBAL LTDA,SEGMENTO 3,2015-02-28,2026-04-30,135,ACTIVA,13.67,2.53,9.11,10.67,18.52,1.23,381.05,0.51,2.74,1.98,37.63,1.55,4.37,85.34,1.0,1.0,1.0,3.0,1.0,1.3,EXCELENTE
0690069334001,COOPERATIVA DE AHORRO Y CREDITO SAN JORGE LTDA,SEGMENTO 3,2015-05-31,2026-04-30,132,ACTIVA,13.12,2.24,7.69,10.63,17.06,18.79,101.17,-0.87,-5.1,2.09,47.4,1.98,4.91,72.33,1.0,4.0,1.0,5.0,1.0,2.35,BUENO
1790894053001,COOPERATIVA DE AHORRO Y CREDITO SAN JUAN DE COTOGCHOA,SEGMENTO 3,2015-02-28,2026-04-30,135,ACTIVA,22.32,3.38,14.75,18.4,15.16,7.5,111.82,0.03,0.18,2.11,36.64,2.31,5.59,80.16,1.0,3.5,1.0,3.0,1.0,1.925,BUENO
0391008558001,COOPERATIVA DE AHORRO Y CREDITO SAN MARCOS,SEGMENTO 3,2023-06-30,2026-04-30,35,ACTIVA,7.99,1.26,6.15,6.54,15.79,9.14,91.67,0.04,0.28,2.04,25.52,1.73,5.33,94.07,1.0,4.0,1.0,3.0,1.0,2.05,BUENO
1891716385001,COOPERATIVA DE AHORRO Y CREDITO SAN MARTIN DE TISALEO LTDA,SEGMENTO 3,2021-06-30,2026-04-30,59,ACTIVA,21.48,2.31,16.74,17.99,10.76,7.27,104.57,0.05,0.5,3.04,19.62,2.23,8.29,93.05,3.0,3.5,1.0,3.0,3.0,2.725,ADECUADO
0690074397001,COOPERATIVA DE AHORRO Y CREDITO SAN MIGUEL DE PALLATANGA,SEGMENTO 3,2015-02-28,2026-04-30,135,ACTIVA,28.01,5.06,12.31,22.4,18.05,8.99,103.04,0.07,0.36,1.71,63.21,1.35,4.54,54.95,1.0,3.5,1.0,3.0,1.0,1.925,BUENO
0590060437001,COOPERATIVA DE AHORRO Y CREDITO SAN MIGUEL DE SIGCHOS,SEGMENTO 3,2023-06-30,2026-04-30,35,ACTIVA,11.36,1.47,7.86,7.71,12.95,6.92,120.74,0.14,1.09,2.07,37.42,1.62,6.71,101.95,2.0,3.5,1.0,3.0,1.0,2.175,BUENO
0290003180001,COOPERATIVA DE AHORRO Y CREDITO SAN MIGUEL LTDA,SEGMENTO 3,2015-02-28,2026-04-30,98,ACTIVA,15.99,1.4,9.69,13.96,8.77,13.07,83.86,0.05,0.6,1.15,29.26,1.2,10.39,69.44,4.0,4.5,1.0,3.0,1.0,2.925,ADECUADO
0290030099001,COOPERATIVA DE AHORRO Y CREDITO SAN PEDRO LTDA,SEGMENTO 3,2015-02-28,2026-04-30,135,ACTIVA,8.42,3.63,4.71,4.62,43.13,41.56,114.43,0.21,0.49,2.03,62.8,2.21,1.31,101.95,1.0,4.0,1.0,3.0,1.0,2.05,BUENO
1791423275001,COOPERATIVA DE AHORRO Y CREDITO SAN VICENTE DEL SUR,SEGMENTO 3,2015-05-31,2019-05-31,49,ACTIVA,,,,,,,,,,,,,,,,,,,,,
1790896811001,COOPERATIVA DE AHORRO Y CREDITO SANTA ANA DE NAYON,SEGMENTO 3,2015-05-31,2019-03-31,47,ACTIVA,,,,,,,,,,,,,,,,,,,,,
1091708139001,COOPERATIVA DE AHORRO Y CREDITO SANTA ANITA LTDA,SEGMENTO 3,2015-02-28,2026-04-30,135,ACTIVA,20.24,2.32,15.51,14.75,11.46,6.95,96.81,0.01,0.05,2.86,21.93,2.99,7.72,105.12,3.0,4.0,1.0,3.0,2.0,2.7,ADECUADO
1191736423001,COOPERATIVA DE AHORRO Y CREDITO SARAGUROS,SEGMENTO 3,2025-06-30,2026-04-30,11,ACTIVA,8.87,1.01,6.88,6.47,11.35,4.21,199.36,0.97,8.58,2.73,27.85,1.9,7.73,106.4,3.0,2.5,1.0,2.0,1.0,2.025,BUENO
1891725791001,COOPERATIVA DE AHORRO Y CREDITO SEMBRANDO UN NUEVO PAIS EN LIQUIDACION,SEGMENTO 3,2015-02-28,2019-12-31,59,EN LIQUIDACION,,,,,,,,,,,,,,,,,,,,,
1191718905001,COOPERATIVA DE AHORRO Y CREDITO SEMILLA DEL PROGRESO LTDA,SEGMENTO 3,2023-06-30,2024-03-31,10,ACTIVA,,,,,,,,,,,,,,,,,,,,,
0190096076001,COOPERATIVA DE AHORRO Y CREDITO SIDETAMC,SEGMENTO 3,2023-06-30,2026-04-30,35,ACTIVA,6.46,1.0,5.2,5.35,15.41,3.01,137.11,0.21,1.35,2.17,18.0,2.02,5.47,97.22,1.0,2.5,1.0,3.0,3.0,1.975,BUENO
0291500994001,COOPERATIVA DE AHORRO Y CREDITO SIMIATUG LIMITADA,SEGMENTO 3,2024-06-30,2026-04-30,23,ACTIVA,19.03,1.84,12.59,14.07,9.66,3.02,113.15,0.12,1.23,1.8,38.45,1.36,9.34,89.49,3.0,2.5,1.0,3.0,1.0,2.175,BUENO
0691732584001,COOPERATIVA DE AHORRO Y CREDITO SOL DE LOS ANDES LTDA CHIMBORAZO,SEGMENTO 3,2021-06-30,2026-04-30,59,ACTIVA,18.62,1.84,13.92,16.32,9.88,12.32,70.91,-0.18,-1.78,1.95,17.84,2.0,9.14,85.27,3.0,5.0,1.0,4.0,3.0,3.25,ADECUADO
1791935233001,COOPERATIVA DE AHORRO Y CREDITO SUBOFICIALES DE LA POLICIA NACIONAL,SEGMENTO 3,2015-02-28,2019-05-31,52,ACTIVA,,,,,,,,,,,,,,,,,,,,,
0690042495001,COOPERATIVA DE AHORRO Y CREDITO SUMAC LLACTA LTDA,SEGMENTO 3,2023-06-30,2026-04-30,35,ACTIVA,12.06,1.05,8.54,10.64,8.69,12.61,95.78,-0.74,-8.57,1.74,24.95,2.1,10.59,80.28,4.0,4.5,1.0,5.0,2.0,3.375,ADECUADO
0591714236001,COOPERATIVA DE AHORRO Y CREDITO UNIBLOCK Y SERVICIOS LTDA,SEGMENTO 3,2019-06-30,2026-04-30,83,ACTIVA,29.52,2.75,21.06,24.56,9.33,10.9,87.24,0.08,0.86,1.66,22.59,1.06,9.71,85.74,3.0,4.5,1.0,3.0,2.0,2.825,ADECUADO
1791422708001,COOPERATIVA DE AHORRO Y CREDITO UNIDAD Y PROGRESO,SEGMENTO 3,2017-05-31,2026-04-30,108,ACTIVA,21.55,3.72,16.9,16.27,17.25,10.69,116.18,0.36,2.07,2.4,22.9,1.49,4.78,103.89,1.0,4.0,1.0,3.0,2.0,2.2,BUENO
1091728148001,COOPERATIVA DE AHORRO Y CREDITO UNIOTAVALO LTDA,SEGMENTO 3,2020-06-30,2026-04-30,71,ACTIVA,12.19,1.44,8.63,10.38,11.82,25.95,61.35,0.0,0.02,1.0,22.72,1.75,7.46,83.08,3.0,5.0,1.0,3.0,2.0,2.95,ADECUADO
1791708288001,COOPERATIVA DE AHORRO Y CREDITO UNIVERSIDAD CATOLICA DEL ECUADOR,SEGMENTO 3,2017-05-31,2026-04-30,108,ACTIVA,9.51,2.04,4.68,7.21,21.43,7.1,101.27,0.04,0.2,1.42,60.59,1.3,3.66,64.95,1.0,3.5,1.0,3.0,1.0,1.925,BUENO
0990484783001,COOPERATIVA DE AHORRO Y CREDITO UNIVERSIDAD DE GUAYAQUIL LTDA,SEGMENTO 3,2015-02-28,2024-05-31,111,ACTIVA,,,,,,,,,,,,,,,,,,,,,
1191736954001,COOPERATIVA DE AHORRO Y CREDITO VILCABAMBA CACVIL,SEGMENTO 3,2023-06-30,2026-04-30,35,ACTIVA,6.8,1.03,3.82,5.62,15.11,16.0,96.74,-0.6,-3.99,1.55,44.63,2.45,5.66,67.92,1.0,4.5,1.0,5.0,1.0,2.475,BUENO
0190147665001,"COOPERATIVA DE AHORRO Y CRÃDITO SOLIDARIDAD, EMPRENDIMIENTO Y COOPERACIÃN",SEGMENTO 3,2020-06-30,2026-04-30,71,ACTIVA,7.75,0.77,6.37,6.74,9.94,8.59,113.22,-0.03,-0.34,2.05,16.45,1.94,9.07,94.62,3.0,3.5,1.0,4.0,3.0,2.875,ADECUADO
